title,url
Canada's top soldier says defence industry needs to ramp up production to 'wartime footing' | CBC News,http://www.cbc.ca/news/politics/wayne-eyre-wartime-footing-supply-chains-1.6441720
"U.S. intel helped Ukraine sink Russian flagship Moskva, officials say",https://www.nbcnews.com/politics/national-security/us-intel-helped-ukraine-sink-russian-flagship-moskva-officials-say-rcna27559
Russia-Ukraine live news: UN warns of ‘limitless’ global harm,http://www.aljazeera.com/news/2022/5/5/un-chief-warns-of-limitless-harm-from-ukraine-war-liveblog
Baerbock soll bald in die Ukraine reisen,https://www.tagesspiegel.de/politik/nach-wochenlanger-verstimmung-baerbock-soll-bald-in-die-ukraine-reisen/28310854.html
"Vladimir Putin faces ‘huge cost’ if he threatens other countries, warns Navy chief",https://www.telegraph.co.uk/world-news/2022/05/05/head-royal-navy-threatens-huge-personal-cost-vladimir-putin/
Ukraine officer says soldiers 'dying in agony'; Israel reports Putin apologized over minister's remarks: Live Ukraine updates,https://www.usatoday.com/story/news/politics/2022/05/05/ukraine-russia-invasion-live-updates/9655028002/
Ukraine war: Russia denies steel plant ground assault amid claims Putin wants success ahead of Victory Day,https://news.sky.com/story/ukraine-war-russia-denies-steel-plant-ground-assault-amid-claims-putin-wants-success-ahead-of-victory-day-12605659
Guerre en Ukraine en direct : le point sur la situation en fin de journée,https://www.lemonde.fr/international/live/2022/05/05/guerre-en-ukraine-en-direct-le-point-sur-la-situation-en-fin-de-journee_6124822_3210.html
Ukraine's former president urges Canada to more forcefully stand up to threat of nuclear or chemical attack | CBC News,http://www.cbc.ca/news/politics/ukraine-russia-poroshenko-nuclear-chemical-weapons-1.6441406
Steinmeier telefoniert mit Selenskyj: „Irritationen ausgeräumt“,https://www.wiwo.de/politik/europa/ukraine-krieg-steinmeier-telefoniert-mit-selenskyj-irritationen-ausgeraeumt/28310844.html
